"Gene_Name","HGVS.p","sample","DP","AD","AF"
"N","Ser235Phe","Sewage-L2_S10_L001",8,2,0.25
"N","Ser235Phe","Sewage_CoV19_L3_S1_L001",28,17,0.607142857142857
"N","Ser235Phe","L4_S1_L001",14,14,1
"N","Ser235Phe","L5_S2_L001",12,11,0.916666666666667
"N","Ser235Phe","L6_S3_L001",37,37,1
"N","Ser235Phe","L7_S4_L001",25,25,1
"N","Ser235Phe","L8_S102",220,212,0.963636363636364
"N","Ser235Phe","L9_S103",74,72,0.972972972972973
"N","Ser235Phe","L10_S104",1303,1284,0.985418265541059
"N","Ser235Phe","L11_S105",1745,1721,0.986246418338109
"N","Ser235Phe","L13_S2_L001",41,41,1
"N","Ser235Phe","L14_S3_L001",65,61,0.938461538461538
"N","Asp3Leu","Sewage-L2_S10_L001",55,21,0.381818181818182
"N","Asp3Leu","Sewage_CoV19_L3_S1_L001",129,51,0.395348837209302
"N","Asp3Leu","L4_S1_L001",54,54,1
"N","Asp3Leu","L5_S2_L001",69,22,0.318840579710145
"N","Asp3Leu","L6_S3_L001",123,122,0.991869918699187
"N","Asp3Leu","L7_S4_L001",141,141,1
"N","Asp3Leu","L8_S102",7276,7243,0.99546454095657
"N","Asp3Leu","L9_S103",10487,9426,0.89882711929055
"N","Asp3Leu","L10_S104",5470,5447,0.995795246800731
"N","Asp3Leu","L11_S105",10101,10046,0.994554994554995
"N","Asp3Leu","L12_S1_L001",135,135,1
"N","Asp3Leu","L13_S2_L001",217,217,1
"N","Asp3Leu","L14_S3_L001",200,200,1
"N","ArgGly203LysArg","CoV19_L1_S1",14,4,0.285714285714286
"N","ArgGly203LysArg","Sewage-L2_S10_L001",9,2,0.222222222222222
"N","ArgGly203LysArg","Sewage_CoV19_L3_S1_L001",28,28,1
"N","ArgGly203LysArg","L4_S1_L001",14,14,1
"N","ArgGly203LysArg","L5_S2_L001",13,11,0.846153846153846
"N","ArgGly203LysArg","L6_S3_L001",37,37,1
"N","ArgGly203LysArg","L7_S4_L001",26,26,1
"N","ArgGly203LysArg","L8_S102",150,150,1
"N","ArgGly203LysArg","L10_S104",1047,1039,0.992359121298949
"N","ArgGly203LysArg","L11_S105",1514,1483,0.979524438573316
"N","ArgGly203LysArg","L12_S1_L001",50,50,1
"N","ArgGly203LysArg","L13_S2_L001",68,67,0.985294117647059
"N","ArgGly203LysArg","L14_S3_L001",69,68,0.985507246376812
"ORF1ab","Thr1001Ile","L4_S1_L001",35,35,1
"ORF1ab","Thr1001Ile","L5_S2_L001",29,29,1
"ORF1ab","Thr1001Ile","L6_S3_L001",73,56,0.767123287671233
"ORF1ab","Thr1001Ile","L7_S4_L001",51,51,1
"ORF1ab","Thr1001Ile","L8_S102",455,422,0.927472527472528
"ORF1ab","Thr1001Ile","L9_S103",439,426,0.970387243735763
"ORF1ab","Thr1001Ile","L10_S104",861,810,0.940766550522648
"ORF1ab","Thr1001Ile","L11_S105",1569,1554,0.990439770554493
"ORF1ab","Thr1001Ile","L12_S1_L001",110,107,0.972727272727273
"ORF1ab","Thr1001Ile","L13_S2_L001",52,52,1
"ORF1ab","Thr1001Ile","L14_S3_L001",51,51,1
"ORF1ab","Ala1708Asp","Sewage-L2_S10_L001",12,2,0.166666666666667
"ORF1ab","Ala1708Asp","Sewage_CoV19_L3_S1_L001",30,12,0.4
"ORF1ab","Ala1708Asp","L4_S1_L001",44,32,0.727272727272727
"ORF1ab","Ala1708Asp","L5_S2_L001",12,12,1
"ORF1ab","Ala1708Asp","L6_S3_L001",51,51,1
"ORF1ab","Ala1708Asp","L7_S4_L001",23,23,1
"ORF1ab","Ala1708Asp","L8_S102",4607,4591,0.99652702409377
"ORF1ab","Ala1708Asp","L9_S103",1978,1933,0.977249747219414
"ORF1ab","Ala1708Asp","L10_S104",3041,3038,0.999013482407103
"ORF1ab","Ala1708Asp","L11_S105",4905,3784,0.771457696228338
"ORF1ab","Ala1708Asp","L12_S1_L001",167,167,1
"ORF1ab","Ala1708Asp","L13_S2_L001",182,170,0.934065934065934
"ORF1ab","Ala1708Asp","L14_S3_L001",69,69,1
"ORF1ab","Ile2230Thr","Sewage-L2_S10_L001",11,11,1
"ORF1ab","Ile2230Thr","L5_S2_L001",18,18,1
"ORF1ab","Ile2230Thr","L6_S3_L001",27,27,1
"ORF1ab","Ile2230Thr","L7_S4_L001",33,33,1
"ORF1ab","Ile2230Thr","L8_S102",2,2,1
"ORF1ab","Ile2230Thr","L10_S104",229,211,0.921397379912664
"ORF1ab","Ile2230Thr","L12_S1_L001",24,24,1
"ORF1ab","Ile2230Thr","L13_S2_L001",2,2,1
"ORF1ab","Ser3675_Phe3677del","Sewage-L2_S10_L001",27,15,0.555555555555556
"ORF1ab","Ser3675_Phe3677del","L5_S2_L001",37,37,1
"ORF1ab","Ser3675_Phe3677del","L6_S3_L001",60,60,1
"ORF1ab","Ser3675_Phe3677del","L7_S4_L001",45,45,1
"ORF1ab","Ser3675_Phe3677del","L8_S102",283,283,1
"ORF1ab","Ser3675_Phe3677del","L10_S104",1184,1184,1
"ORF1ab","Ser3675_Phe3677del","L11_S105",1734,1734,1
"ORF1ab","Ser3675_Phe3677del","L14_S3_L001",57,57,1
"ORF8","Tyr73Cys","Sewage-L2_S10_L001",36,15,0.416666666666667
"ORF8","Tyr73Cys","Sewage_CoV19_L3_S1_L001",87,44,0.505747126436782
"ORF8","Tyr73Cys","L4_S1_L001",59,59,1
"ORF8","Tyr73Cys","L5_S2_L001",53,26,0.490566037735849
"ORF8","Tyr73Cys","L6_S3_L001",116,116,1
"ORF8","Tyr73Cys","L7_S4_L001",95,95,1
"ORF8","Tyr73Cys","L8_S102",3618,3617,0.999723604201216
"ORF8","Tyr73Cys","L9_S103",4004,3583,0.894855144855145
"ORF8","Tyr73Cys","L10_S104",4592,4470,0.973432055749129
"ORF8","Tyr73Cys","L11_S105",6416,6404,0.998129675810474
"ORF8","Tyr73Cys","L12_S1_L001",155,153,0.987096774193548
"ORF8","Tyr73Cys","L13_S2_L001",126,126,1
"ORF8","Tyr73Cys","L14_S3_L001",155,155,1
"ORF8","Gln27*","Sewage-L2_S10_L001",21,11,0.523809523809524
"ORF8","Gln27*","Sewage_CoV19_L3_S1_L001",61,36,0.590163934426229
"ORF8","Gln27*","L4_S1_L001",66,66,1
"ORF8","Gln27*","L5_S2_L001",40,27,0.675
"ORF8","Gln27*","L6_S3_L001",121,121,1
"ORF8","Gln27*","L7_S4_L001",69,69,1
"ORF8","Gln27*","L8_S102",1150,1147,0.997391304347826
"ORF8","Gln27*","L9_S103",2,2,1
"ORF8","Gln27*","L10_S104",3316,3140,0.94692400482509
"ORF8","Gln27*","L11_S105",4616,4609,0.998483535528596
"ORF8","Gln27*","L12_S1_L001",192,185,0.963541666666667
"ORF8","Gln27*","L13_S2_L001",34,34,1
"ORF8","Gln27*","L14_S3_L001",114,114,1
"ORF8","Arg52Ile","Sewage-L2_S10_L001",21,11,0.523809523809524
"ORF8","Arg52Ile","Sewage_CoV19_L3_S1_L001",61,36,0.590163934426229
"ORF8","Arg52Ile","L4_S1_L001",66,66,1
"ORF8","Arg52Ile","L5_S2_L001",40,27,0.675
"ORF8","Arg52Ile","L6_S3_L001",121,121,1
"ORF8","Arg52Ile","L7_S4_L001",69,69,1
"ORF8","Arg52Ile","L8_S102",1087,1083,0.996320147194112
"ORF8","Arg52Ile","L9_S103",4,4,1
"ORF8","Arg52Ile","L10_S104",3432,3285,0.957167832167832
"ORF8","Arg52Ile","L11_S105",4154,4137,0.995907558979297
"ORF8","Arg52Ile","L12_S1_L001",191,186,0.973821989528796
"ORF8","Arg52Ile","L13_S2_L001",34,34,1
"ORF8","Arg52Ile","L14_S3_L001",114,114,1
"S","Asp614Gly","CoV19_L1_S1",16,16,1
"S","Asp614Gly","Sewage-L2_S10_L001",27,27,1
"S","Asp614Gly","L4_S1_L001",41,41,1
"S","Asp614Gly","L5_S2_L001",44,44,1
"S","Asp614Gly","L6_S3_L001",70,70,1
"S","Asp614Gly","L7_S4_L001",44,44,1
"S","Asp614Gly","L8_S102",314,314,1
"S","Asp614Gly","L9_S103",552,548,0.992753623188406
"S","Asp614Gly","L10_S104",1472,1470,0.998641304347826
"S","Asp614Gly","L11_S105",4105,4101,0.999025578562728
"S","Asp614Gly","L13_S2_L001",74,74,1
"S","Asp614Gly","L14_S3_L001",15,15,1
"S","Asp1118His","Sewage-L2_S10_L001",39,20,0.512820512820513
"S","Asp1118His","Sewage_CoV19_L3_S1_L001",68,59,0.867647058823529
"S","Asp1118His","L4_S1_L001",40,40,1
"S","Asp1118His","L6_S3_L001",100,100,1
"S","Asp1118His","L7_S4_L001",56,56,1
"S","Asp1118His","L8_S102",7499,7495,0.999466595546073
"S","Asp1118His","L9_S103",6879,6872,0.998982410234046
"S","Asp1118His","L10_S104",3805,3567,0.937450722733246
"S","Asp1118His","L11_S105",10785,10770,0.998609179415855
"S","Asp1118His","L12_S1_L001",98,90,0.918367346938776
"S","Asp1118His","L13_S2_L001",219,219,1
"S","Asp1118His","L14_S3_L001",134,133,0.992537313432836
"S","Ala570Asp","Sewage-L2_S10_L001",27,8,0.296296296296296
"S","Ala570Asp","Sewage_CoV19_L3_S1_L001",69,28,0.405797101449275
"S","Ala570Asp","L4_S1_L001",42,42,1
"S","Ala570Asp","L5_S2_L001",44,44,1
"S","Ala570Asp","L6_S3_L001",70,62,0.885714285714286
"S","Ala570Asp","L7_S4_L001",44,44,1
"S","Ala570Asp","L8_S102",274,272,0.992700729927007
"S","Ala570Asp","L9_S103",570,568,0.996491228070175
"S","Ala570Asp","L10_S104",1530,1449,0.947058823529412
"S","Ala570Asp","L11_S105",4294,4093,0.953190498369818
"S","Ala570Asp","L12_S1_L001",79,78,0.987341772151899
"S","Ala570Asp","L13_S2_L001",71,70,0.985915492957746
"S","Ala570Asp","L14_S3_L001",16,16,1
"S","Ser982Ala","Sewage-L2_S10_L001",17,11,0.647058823529412
"S","Ser982Ala","Sewage_CoV19_L3_S1_L001",23,21,0.91304347826087
"S","Ser982Ala","L4_S1_L001",26,26,1
"S","Ser982Ala","L5_S2_L001",16,16,1
"S","Ser982Ala","L6_S3_L001",38,35,0.921052631578947
"S","Ser982Ala","L7_S4_L001",21,21,1
"S","Ser982Ala","L8_S102",2360,2356,0.998305084745763
"S","Ser982Ala","L9_S103",1873,1868,0.997330485851575
"S","Ser982Ala","L10_S104",1634,1632,0.998776009791922
"S","Ser982Ala","L11_S105",4176,4165,0.997365900383142
"S","Ser982Ala","L12_S1_L001",93,93,1
"S","Ser982Ala","L13_S2_L001",120,120,1
"S","Ser982Ala","L14_S3_L001",62,62,1
"S","Thr716Ile","Sewage-L2_S10_L001",55,11,0.2
"S","Thr716Ile","Sewage_CoV19_L3_S1_L001",66,41,0.621212121212121
"S","Thr716Ile","L4_S1_L001",36,13,0.361111111111111
"S","Thr716Ile","L5_S2_L001",53,32,0.60377358490566
"S","Thr716Ile","L6_S3_L001",80,69,0.8625
"S","Thr716Ile","L7_S4_L001",61,61,1
"S","Thr716Ile","L8_S102",1635,1556,0.951681957186544
"S","Thr716Ile","L9_S103",168,166,0.988095238095238
"S","Thr716Ile","L10_S104",1763,1757,0.996596710153148
"S","Thr716Ile","L11_S105",4372,4363,0.997941445562672
"S","Thr716Ile","L12_S1_L001",79,79,1
"S","Thr716Ile","L13_S2_L001",85,85,1
"S","Thr716Ile","L14_S3_L001",8,8,1
"S","Pro681His","Sewage-L2_S10_L001",55,14,0.254545454545455
"S","Pro681His","Sewage_CoV19_L3_S1_L001",66,45,0.681818181818182
"S","Pro681His","L4_S1_L001",36,13,0.361111111111111
"S","Pro681His","L5_S2_L001",54,33,0.611111111111111
"S","Pro681His","L6_S3_L001",80,69,0.8625
"S","Pro681His","L7_S4_L001",61,61,1
"S","Pro681His","L8_S102",1488,1413,0.949596774193548
"S","Pro681His","L9_S103",176,174,0.988636363636364
"S","Pro681His","L10_S104",1740,1739,0.999425287356322
"S","Pro681His","L11_S105",4216,4209,0.998339658444023
"S","Pro681His","L12_S1_L001",80,79,0.9875
"S","Pro681His","L13_S2_L001",81,81,1
"S","Pro681His","L14_S3_L001",8,8,1
"S","Asn501Tyr","Sewage_CoV19_L3_S1_L001",10,8,0.8
"S","Asn501Tyr","L4_S1_L001",6,6,1
"S","Asn501Tyr","L5_S2_L001",6,6,1
"S","Asn501Tyr","L6_S3_L001",10,10,1
"S","Asn501Tyr","L7_S4_L001",8,8,1
"S","Asn501Tyr","L8_S102",164,162,0.98780487804878
"S","Asn501Tyr","L9_S103",357,354,0.991596638655462
"S","Asn501Tyr","L10_S104",941,939,0.997874601487779
"S","Asn501Tyr","L11_S105",2238,2235,0.998659517426273
"S","Asn501Tyr","L12_S1_L001",80,80,1
"S","Asn501Tyr","L13_S2_L001",43,43,1
"S","Asn501Tyr","L14_S3_L001",4,4,1
"S","His69_Val70del","Sewage_CoV19_L3_S1_L001",58,47,0.810344827586207
"S","His69_Val70del","L5_S2_L001",29,29,1
"S","His69_Val70del","L6_S3_L001",62,62,1
"S","His69_Val70del","L7_S4_L001",63,63,1
"S","His69_Val70del","L8_S102",51,51,1
"S","His69_Val70del","L10_S104",397,379,0.954659949622166
"S","His69_Val70del","L11_S105",677,677,1
"S","His69_Val70del","L13_S2_L001",6,6,1
"S","His69_Val70del","L14_S3_L001",2,2,1
"ORF1ab","P314L","Sewage-L2_S10_L001",0,0,0
"S","DEL144/145","Sewage_CoV19_L3_S1_L001",0,0,0
"ORF1ab","P314L","L4_S1_L001",0,0,0
"S","DEL144/145","L5_S2_L001",0,0,0
"ORF1ab","P314L","L6_S3_L001",0,0,0
"S","DEL144/145","L7_S4_L001",0,0,0
"ORF1ab","P314L","L8_S102",0,0,0
"S","DEL144/145","L9_S103",0,0,0
"ORF1ab","P314L","L10_S104",0,0,0
"S","DEL144/145","L11_S105",0,0,0
"ORF1ab","P314L","L13_S2_L001",0,0,0
"S","DEL144/145","L14_S3_L001",0,0,0
"ORF1ab","P314L","L12_S1_L001",0,0,0
"S","DEL144/145","CoV19_L1_S1",0,0,0
