mutation	mutation_count	lineage_count	lineage	gene	ref_aa	alt_aa	codon_num	codon_end	type	prevalence	change_length_nt	pangolin_lineage	id	source
"s:d614g"	86060	86331	"B.1.617.2"	"S"	"D"	"G"	614	"None"	"substitution"	0.9968609190209774	"None"	"B.1.617.2"	"s_d614g"	
"m:i82t"	85889	86331	"B.1.617.2"	"M"	"I"	"T"	82	"None"	"substitution"	0.9948801705065388	"None"	"B.1.617.2"	"m_i82t"	
"s:p681r"	85825	86331	"B.1.617.2"	"S"	"P"	"R"	681	"None"	"substitution"	0.9941388377292051	"None"	"B.1.617.2"	"s_p681r"	
"orf3a:s26l"	85819	86331	"B.1.617.2"	"ORF3a"	"S"	"L"	26	"None"	"substitution"	0.99406933778133	"None"	"B.1.617.2"	"orf3a_s26l"	
"orf1b:p314l"	85487	86331	"B.1.617.2"	"ORF1b"	"P"	"L"	314	"None"	"substitution"	0.9902236739989112	"None"	"B.1.617.2"	"orf1b_p314l"	
"n:d377y"	85111	86331	"B.1.617.2"	"N"	"D"	"Y"	377	"None"	"substitution"	0.9858683439320753	"None"	"B.1.617.2"	"n_d377y"	
"s:t19r"	84989	86331	"B.1.617.2"	"S"	"T"	"R"	19	"None"	"substitution"	0.984455178325283	"None"	"B.1.617.2"	"s_t19r"	
"n:r203m"	84964	86331	"B.1.617.2"	"N"	"R"	"M"	203	"None"	"substitution"	0.9841655952091369	"None"	"B.1.617.2"	"n_r203m"	
"n:d63g"	84670	86331	"B.1.617.2"	"N"	"D"	"G"	63	"None"	"substitution"	0.98076009776326	"None"	"B.1.617.2"	"n_d63g"	
"orf1b:p1000l"	84198	86331	"B.1.617.2"	"ORF1b"	"P"	"L"	1000	"None"	"substitution"	0.9752927685304236	"None"	"B.1.617.2"	"orf1b_p1000l"	
"orf1b:g662s"	84094	86331	"B.1.617.2"	"ORF1b"	"G"	"S"	662	"None"	"substitution"	0.9740881027672562	"None"	"B.1.617.2"	"orf1b_g662s"	
"s:l452r"	83806	86331	"B.1.617.2"	"S"	"L"	"R"	452	"None"	"substitution"	0.9707521052692544	"None"	"B.1.617.2"	"s_l452r"	
"s:t478k"	83683	86331	"B.1.617.2"	"S"	"T"	"K"	478	"None"	"substitution"	0.9693273563378161	"None"	"B.1.617.2"	"s_t478k"	
"orf7a:t120i"	83570	86331	"B.1.617.2"	"ORF7a"	"T"	"I"	120	"None"	"substitution"	0.9680184406528362	"None"	"B.1.617.2"	"orf7a_t120i"	
"orf7a:v82a"	83061	86331	"B.1.617.2"	"ORF7a"	"V"	"A"	82	"None"	"substitution"	0.9621225284081036	"None"	"B.1.617.2"	"orf7a_v82a"	
"s:d950n"	82996	86331	"B.1.617.2"	"S"	"D"	"N"	950	"None"	"substitution"	0.961369612306124	"None"	"B.1.617.2"	"s_d950n"	
"orf8:del119/120"	80688	86331	"B.1.617.2"	"ORF8"	"ORF8:DEL119/120"	"DEL119/120"	119	120	"deletion"	0.9346352990235257	6	"B.1.617.2"	"orf8_del119_120"	
"s:del157/158"	76833	86331	"B.1.617.2"	"S"	"S:DEL157/158"	"DEL157/158"	157	158	"deletion"	0.8899815825138131	6	"B.1.617.2"	"s_del157_158"	
"orf1a:a1306s"	65455	86331	"B.1.617.2"	"ORF1a"	"A"	"S"	1306	"None"	"substitution"	0.7581865146934473	"None"	"B.1.617.2"	"orf1a_a1306s"	
"orf1a:t3646a"	65452	86331	"B.1.617.2"	"ORF1a"	"T"	"A"	3646	"None"	"substitution"	0.7581517647195098	"None"	"B.1.617.2"	"orf1a_t3646a"	
"orf1a:t3255i"	65411	86331	"B.1.617.2"	"ORF1a"	"T"	"I"	3255	"None"	"substitution"	0.7576768484090304	"None"	"B.1.617.2"	"orf1a_t3255i"	
"orf1a:v2930l"	65384	86331	"B.1.617.2"	"ORF1a"	"V"	"L"	2930	"None"	"substitution"	0.7573640986435927	"None"	"B.1.617.2"	"orf1a_v2930l"	
"orf1b:a1918v"	65377	86331	"B.1.617.2"	"ORF1b"	"A"	"V"	1918	"None"	"substitution"	0.7572830153710718	"None"	"B.1.617.2"	"orf1b_a1918v"	
"orf1a:p2046l"	65341	86331	"B.1.617.2"	"ORF1a"	"P"	"L"	2046	"None"	"substitution"	0.7568660156838216	"None"	"B.1.617.2"	"orf1a_p2046l"	
"orf7b:t40i"	64909	86331	"B.1.617.2"	"ORF7b"	"T"	"I"	40	"None"	"substitution"	0.7518620194368187	"None"	"B.1.617.2"	"orf7b_t40i"	
"orf1a:p2287s"	64895	86331	"B.1.617.2"	"ORF1a"	"P"	"S"	2287	"None"	"substitution"	0.751699852891777	"None"	"B.1.617.2"	"orf1a_p2287s"	
